id,first_name,last_name,email,gender,review
1,Vinnie,Mound,vmound0@wp.com,Female,3
2,Pincas,Yusupov,pyusupov1@abc.net.au,Male,8
3,Preston,Ottewill,pottewill2@1688.com,Male,10
4,Melonie,Pidgeon,mpidgeon3@unesco.org,Female,9
5,Matthew,McBoyle,mmcboyle4@drupal.org,Male,1
6,Christine,Tyer,ctyer5@diigo.com,Non-binary,2
7,Adriaens,Aspel,aaspel6@virginia.edu,Female,2
8,Alard,Alberts,aalberts7@dmoz.org,Male,5
9,Parsifal,Bazley,pbazley8@addthis.com,Male,3
10,Elihu,Bottrell,ebottrell9@digg.com,Non-binary,7

